{
   "count_transitions": 1077,
   "nodes": 2130,
   "result": {
      "max": 0.2282593668159395,
      "min": 0.2282593668159395
   },
   "states": {
      "count": 800,
      "initial": 1
   }
}