{
   "count_transitions": 605,
   "nodes": 2056,
   "result": {
      "max": 0.2282593668159395,
      "min": 0.2282593668159395
   },
   "states": {
      "count": 459,
      "initial": 1
   }
}