{
   "count_transitions": 12391,
   "nodes": 2088,
   "result": {
      "max": 0.2282593668159395,
      "min": 0.2282593668159395
   },
   "states": {
      "count": 7549,
      "initial": 3125
   }
}