{
   "count_transitions": 889,
   "nodes": 2138,
   "result": {
      "max": 0.2282593668159395,
      "min": 0.2282593668159395
   },
   "states": {
      "count": 662,
      "initial": 1
   }
}