{
   "count_transitions": 11754,
   "nodes": 1987,
   "result": {
      "max": 0.2282593668159395,
      "min": 0.2282593668159395
   },
   "states": {
      "count": 7117,
      "initial": 3125
   }
}