{
   "count_transitions": 1091,
   "nodes": 2100,
   "result": {
      "max": 0.2282593668159395,
      "min": 0.2282593668159395
   },
   "states": {
      "count": 810,
      "initial": 1
   }
}