{
   "count_transitions": 12638,
   "nodes": 1842,
   "result": {
      "max": 0.2282593668159395,
      "min": 0.2282593668159395
   },
   "states": {
      "count": 7735,
      "initial": 3125
   }
}