{
   "count_transitions": 11770,
   "nodes": 2099,
   "result": {
      "max": 0.2282593668159395,
      "min": 0.2282593668159395
   },
   "states": {
      "count": 7123,
      "initial": 3125
   }
}