{
   "count_transitions": 11868,
   "nodes": 2084,
   "result": {
      "max": 0.2282593668159395,
      "min": 0.2282593668159395
   },
   "states": {
      "count": 7202,
      "initial": 3125
   }
}