{
   "count_transitions": 572,
   "nodes": 2238,
   "result": {
      "max": 0.2282593668159395,
      "min": 0.2282593668159395
   },
   "states": {
      "count": 433,
      "initial": 1
   }
}