{
   "count_transitions": 1089,
   "nodes": 2140,
   "result": {
      "max": 0.2282593668159395,
      "min": 0.2282593668159395
   },
   "states": {
      "count": 806,
      "initial": 1
   }
}