{
   "count_transitions": 12008,
   "nodes": 2179,
   "result": {
      "max": 0.2282593668159395,
      "min": 0.2282593668159395
   },
   "states": {
      "count": 7291,
      "initial": 3125
   }
}