{
   "count_transitions": 11718,
   "nodes": 2127,
   "result": {
      "max": 0.2282593668159395,
      "min": 0.2282593668159395
   },
   "states": {
      "count": 7073,
      "initial": 3125
   }
}