{
   "count_transitions": 1059,
   "nodes": 2146,
   "result": {
      "max": 0.2282593668159395,
      "min": 0.2282593668159395
   },
   "states": {
      "count": 782,
      "initial": 1
   }
}