{
   "count_transitions": 1412,
   "nodes": 2403,
   "result": {
      "max": 0.27045163915746606,
      "min": 0.27045163915746606
   },
   "states": {
      "count": 1049,
      "initial": 125
   }
}