{
   "count_transitions": 12060,
   "nodes": 2105,
   "result": {
      "max": 0.2282593668159395,
      "min": 0.2282593668159395
   },
   "states": {
      "count": 7349,
      "initial": 3125
   }
}