{
   "count_transitions": 256,
   "nodes": 595,
   "result": {
      "max": 0.2847843366664394,
      "min": 0.2847843366664394
   },
   "states": {
      "count": 246,
      "initial": 125
   }
}