{
   "count_transitions": 12804,
   "nodes": 2007,
   "result": {
      "max": 0.2282593668159395,
      "min": 0.2282593668159395
   },
   "states": {
      "count": 7859,
      "initial": 3125
   }
}