{
   "count_transitions": 11889,
   "nodes": 2070,
   "result": {
      "max": 0.2282593668159395,
      "min": 0.2282593668159395
   },
   "states": {
      "count": 7221,
      "initial": 3125
   }
}