{
   "count_transitions": 1025,
   "nodes": 2145,
   "result": {
      "max": 0.2282593668159395,
      "min": 0.2282593668159395
   },
   "states": {
      "count": 756,
      "initial": 1
   }
}