{
   "count_transitions": 11691,
   "nodes": 2027,
   "result": {
      "max": 0.2282593668159395,
      "min": 0.2282593668159395
   },
   "states": {
      "count": 7055,
      "initial": 3125
   }
}