{
   "count_transitions": 11726,
   "nodes": 1925,
   "result": {
      "max": 0.2282593668159395,
      "min": 0.2282593668159395
   },
   "states": {
      "count": 7082,
      "initial": 3125
   }
}