{
   "count_transitions": 11761,
   "nodes": 1957,
   "result": {
      "max": 0.2282593668159395,
      "min": 0.2282593668159395
   },
   "states": {
      "count": 7124,
      "initial": 3125
   }
}