{
   "count_transitions": 477,
   "nodes": 1886,
   "result": {
      "max": 0.2282593668159395,
      "min": 0.2282593668159395
   },
   "states": {
      "count": 366,
      "initial": 1
   }
}