{
   "count_transitions": 12431,
   "nodes": 2161,
   "result": {
      "max": 0.2282593668159395,
      "min": 0.2282593668159395
   },
   "states": {
      "count": 7582,
      "initial": 3125
   }
}