{
   "count_transitions": 1456,
   "nodes": 2539,
   "result": {
      "max": 0.27045163915746606,
      "min": 0.27045163915746606
   },
   "states": {
      "count": 1090,
      "initial": 125
   }
}