{
   "count_transitions": 726,
   "nodes": 1997,
   "result": {
      "max": 0.2282593668159395,
      "min": 0.2282593668159395
   },
   "states": {
      "count": 545,
      "initial": 1
   }
}