{
   "count_transitions": 12600,
   "nodes": 2213,
   "result": {
      "max": 0.2282593668159395,
      "min": 0.2282593668159395
   },
   "states": {
      "count": 7707,
      "initial": 3125
   }
}