{
   "count_transitions": 952,
   "nodes": 2141,
   "result": {
      "max": 0.2282593668159395,
      "min": 0.2282593668159395
   },
   "states": {
      "count": 713,
      "initial": 1
   }
}