{
   "count_transitions": 12005,
   "nodes": 2090,
   "result": {
      "max": 0.2282593668159395,
      "min": 0.2282593668159395
   },
   "states": {
      "count": 7303,
      "initial": 3125
   }
}