{
   "count_transitions": 12608,
   "nodes": 2086,
   "result": {
      "max": 0.2282593668159395,
      "min": 0.2282593668159395
   },
   "states": {
      "count": 7704,
      "initial": 3125
   }
}