{
   "count_transitions": 746,
   "nodes": 2082,
   "result": {
      "max": 0.2282593668159395,
      "min": 0.2282593668159395
   },
   "states": {
      "count": 562,
      "initial": 1
   }
}