{
   "count_transitions": 11738,
   "nodes": 1925,
   "result": {
      "max": 0.2282593668159395,
      "min": 0.2282593668159395
   },
   "states": {
      "count": 7091,
      "initial": 3125
   }
}