{
   "count_transitions": 709,
   "nodes": 2004,
   "result": {
      "max": 0.2282593668159395,
      "min": 0.2282593668159395
   },
   "states": {
      "count": 537,
      "initial": 1
   }
}