{
   "count_transitions": 828,
   "nodes": 2114,
   "result": {
      "max": 0.2282593668159395,
      "min": 0.2282593668159395
   },
   "states": {
      "count": 614,
      "initial": 1
   }
}