{
   "count_transitions": 536,
   "nodes": 1953,
   "result": {
      "max": 0.2282593668159395,
      "min": 0.2282593668159395
   },
   "states": {
      "count": 404,
      "initial": 1
   }
}