{
   "count_transitions": 11746,
   "nodes": 2034,
   "result": {
      "max": 0.2282593668159395,
      "min": 0.2282593668159395
   },
   "states": {
      "count": 7110,
      "initial": 3125
   }
}