{
   "count_transitions": 1502,
   "nodes": 2439,
   "result": {
      "max": 0.27045163915746606,
      "min": 0.27045163915746606
   },
   "states": {
      "count": 1125,
      "initial": 125
   }
}