{
   "count_transitions": 799,
   "nodes": 2112,
   "result": {
      "max": 0.2282593668159395,
      "min": 0.2282593668159395
   },
   "states": {
      "count": 597,
      "initial": 1
   }
}