{
   "count_transitions": 11928,
   "nodes": 2003,
   "result": {
      "max": 0.2282593668159395,
      "min": 0.2282593668159395
   },
   "states": {
      "count": 7229,
      "initial": 3125
   }
}