{
   "count_transitions": 857,
   "nodes": 2024,
   "result": {
      "max": 0.2282593668159395,
      "min": 0.2282593668159395
   },
   "states": {
      "count": 639,
      "initial": 1
   }
}