{
   "count_transitions": 12612,
   "nodes": 2154,
   "result": {
      "max": 0.2282593668159395,
      "min": 0.2282593668159395
   },
   "states": {
      "count": 7708,
      "initial": 3125
   }
}