{
   "count_transitions": 751,
   "nodes": 2134,
   "result": {
      "max": 0.2282593668159395,
      "min": 0.2282593668159395
   },
   "states": {
      "count": 570,
      "initial": 1
   }
}