{
   "count_transitions": 918,
   "nodes": 2120,
   "result": {
      "max": 0.2282593668159395,
      "min": 0.2282593668159395
   },
   "states": {
      "count": 687,
      "initial": 1
   }
}