{
   "count_transitions": 11762,
   "nodes": 2175,
   "result": {
      "max": 0.2282593668159395,
      "min": 0.2282593668159395
   },
   "states": {
      "count": 7111,
      "initial": 3125
   }
}