{
   "count_transitions": 655,
   "nodes": 1874,
   "result": {
      "max": 0.2282593668159395,
      "min": 0.2282593668159395
   },
   "states": {
      "count": 489,
      "initial": 1
   }
}