{
   "count_transitions": 1258,
   "nodes": 2177,
   "result": {
      "max": 0.2282593668159395,
      "min": 0.2282593668159395
   },
   "states": {
      "count": 943,
      "initial": 1
   }
}