{
   "count_transitions": 11945,
   "nodes": 2130,
   "result": {
      "max": 0.2282593668159395,
      "min": 0.2282593668159395
   },
   "states": {
      "count": 7241,
      "initial": 3125
   }
}