{
   "count_transitions": 11855,
   "nodes": 2026,
   "result": {
      "max": 0.2282593668159395,
      "min": 0.2282593668159395
   },
   "states": {
      "count": 7189,
      "initial": 3125
   }
}