{
   "count_transitions": 11701,
   "nodes": 2046,
   "result": {
      "max": 0.2282593668159395,
      "min": 0.2282593668159395
   },
   "states": {
      "count": 7061,
      "initial": 3125
   }
}