{
   "count_transitions": 11771,
   "nodes": 2115,
   "result": {
      "max": 0.2282593668159395,
      "min": 0.2282593668159395
   },
   "states": {
      "count": 7132,
      "initial": 3125
   }
}