{
   "count_transitions": 558,
   "nodes": 2123,
   "result": {
      "max": 0.2282593668159395,
      "min": 0.2282593668159395
   },
   "states": {
      "count": 424,
      "initial": 1
   }
}