{
   "count_transitions": 784,
   "nodes": 2102,
   "result": {
      "max": 0.2282593668159395,
      "min": 0.2282593668159395
   },
   "states": {
      "count": 590,
      "initial": 1
   }
}