{
   "count_transitions": 590,
   "nodes": 2218,
   "result": {
      "max": 0.2282593668159395,
      "min": 0.2282593668159395
   },
   "states": {
      "count": 446,
      "initial": 1
   }
}