{
   "count_transitions": 636,
   "nodes": 1925,
   "result": {
      "max": 0.2282593668159395,
      "min": 0.2282593668159395
   },
   "states": {
      "count": 473,
      "initial": 1
   }
}