{
   "count_transitions": 11670,
   "nodes": 1977,
   "result": {
      "max": 0.2282593668159395,
      "min": 0.2282593668159395
   },
   "states": {
      "count": 7038,
      "initial": 3125
   }
}