{
   "count_transitions": 878,
   "nodes": 2254,
   "result": {
      "max": 0.2282593668159395,
      "min": 0.2282593668159395
   },
   "states": {
      "count": 651,
      "initial": 1
   }
}