{
   "count_transitions": 11744,
   "nodes": 2116,
   "result": {
      "max": 0.2282593668159395,
      "min": 0.2282593668159395
   },
   "states": {
      "count": 7098,
      "initial": 3125
   }
}