{
   "count_transitions": 814,
   "nodes": 2026,
   "result": {
      "max": 0.2282593668159395,
      "min": 0.2282593668159395
   },
   "states": {
      "count": 622,
      "initial": 1
   }
}