{
   "count_transitions": 844,
   "nodes": 2154,
   "result": {
      "max": 0.2282593668159395,
      "min": 0.2282593668159395
   },
   "states": {
      "count": 623,
      "initial": 1
   }
}