{
   "count_transitions": 11860,
   "nodes": 2106,
   "result": {
      "max": 0.2282593668159395,
      "min": 0.2282593668159395
   },
   "states": {
      "count": 7194,
      "initial": 3125
   }
}