{
   "count_transitions": 722,
   "nodes": 2037,
   "result": {
      "max": 0.2282593668159395,
      "min": 0.2282593668159395
   },
   "states": {
      "count": 540,
      "initial": 1
   }
}