{
   "count_transitions": 12355,
   "nodes": 2073,
   "result": {
      "max": 0.2282593668159395,
      "min": 0.2282593668159395
   },
   "states": {
      "count": 7522,
      "initial": 3125
   }
}