{
   "count_transitions": 671,
   "nodes": 2067,
   "result": {
      "max": 0.2282593668159395,
      "min": 0.2282593668159395
   },
   "states": {
      "count": 504,
      "initial": 1
   }
}