{
   "count_transitions": 11698,
   "nodes": 1962,
   "result": {
      "max": 0.2282593668159395,
      "min": 0.2282593668159395
   },
   "states": {
      "count": 7062,
      "initial": 3125
   }
}