{
   "count_transitions": 11777,
   "nodes": 2081,
   "result": {
      "max": 0.2282593668159395,
      "min": 0.2282593668159395
   },
   "states": {
      "count": 7133,
      "initial": 3125
   }
}