{
   "count_transitions": 835,
   "nodes": 2349,
   "result": {
      "max": 0.2282593668159395,
      "min": 0.2282593668159395
   },
   "states": {
      "count": 618,
      "initial": 1
   }
}