{
   "count_transitions": 11967,
   "nodes": 2132,
   "result": {
      "max": 0.2282593668159395,
      "min": 0.2282593668159395
   },
   "states": {
      "count": 7280,
      "initial": 3125
   }
}