{
   "count_transitions": 683,
   "nodes": 2060,
   "result": {
      "max": 0.2282593668159395,
      "min": 0.2282593668159395
   },
   "states": {
      "count": 514,
      "initial": 1
   }
}