{
   "count_transitions": 12392,
   "nodes": 2123,
   "result": {
      "max": 0.2282593668159395,
      "min": 0.2282593668159395
   },
   "states": {
      "count": 7550,
      "initial": 3125
   }
}