{
   "count_transitions": 1182,
   "nodes": 2475,
   "result": {
      "max": 0.27045163915746606,
      "min": 0.27045163915746606
   },
   "states": {
      "count": 978,
      "initial": 1
   }
}