{
   "count_transitions": 12642,
   "nodes": 1940,
   "result": {
      "max": 0.2282593668159395,
      "min": 0.2282593668159395
   },
   "states": {
      "count": 7739,
      "initial": 3125
   }
}