{
   "count_transitions": 1127,
   "nodes": 2193,
   "result": {
      "max": 0.2282593668159395,
      "min": 0.2282593668159395
   },
   "states": {
      "count": 844,
      "initial": 1
   }
}