{
   "count_transitions": 12024,
   "nodes": 2100,
   "result": {
      "max": 0.2282593668159395,
      "min": 0.2282593668159395
   },
   "states": {
      "count": 7323,
      "initial": 3125
   }
}