{
   "count_transitions": 825,
   "nodes": 2010,
   "result": {
      "max": 0.2282593668159395,
      "min": 0.2282593668159395
   },
   "states": {
      "count": 611,
      "initial": 1
   }
}