{
   "count_transitions": 854,
   "nodes": 1950,
   "result": {
      "max": 0.2282593668159395,
      "min": 0.2282593668159395
   },
   "states": {
      "count": 636,
      "initial": 1
   }
}