{
   "count_transitions": 1464,
   "nodes": 2340,
   "result": {
      "max": 0.27045163915746606,
      "min": 0.27045163915746606
   },
   "states": {
      "count": 1108,
      "initial": 125
   }
}