{
   "count_transitions": 11992,
   "nodes": 2032,
   "result": {
      "max": 0.2282593668159395,
      "min": 0.2282593668159395
   },
   "states": {
      "count": 7290,
      "initial": 3125
   }
}