{
   "count_transitions": 1770,
   "nodes": 2497,
   "result": {
      "max": 0.27045163915746606,
      "min": 0.27045163915746606
   },
   "states": {
      "count": 1357,
      "initial": 125
   }
}