{
   "count_transitions": 12702,
   "nodes": 2185,
   "result": {
      "max": 0.2282593668159395,
      "min": 0.2282593668159395
   },
   "states": {
      "count": 7785,
      "initial": 3125
   }
}