{
   "count_transitions": 549,
   "nodes": 1977,
   "result": {
      "max": 0.2282593668159395,
      "min": 0.2282593668159395
   },
   "states": {
      "count": 415,
      "initial": 1
   }
}