{
   "count_transitions": 1065,
   "nodes": 2099,
   "result": {
      "max": 0.2282593668159395,
      "min": 0.2282593668159395
   },
   "states": {
      "count": 792,
      "initial": 1
   }
}