{
   "count_transitions": 11720,
   "nodes": 2140,
   "result": {
      "max": 0.2282593668159395,
      "min": 0.2282593668159395
   },
   "states": {
      "count": 7075,
      "initial": 3125
   }
}