{
   "count_transitions": 11800,
   "nodes": 2167,
   "result": {
      "max": 0.2282593668159395,
      "min": 0.2282593668159395
   },
   "states": {
      "count": 7154,
      "initial": 3125
   }
}