{
   "count_transitions": 11684,
   "nodes": 2061,
   "result": {
      "max": 0.2282593668159395,
      "min": 0.2282593668159395
   },
   "states": {
      "count": 7047,
      "initial": 3125
   }
}