{
   "count_transitions": 12543,
   "nodes": 1848,
   "result": {
      "max": 0.2282593668159395,
      "min": 0.2282593668159395
   },
   "states": {
      "count": 7668,
      "initial": 3125
   }
}