{
   "count_transitions": 11702,
   "nodes": 2050,
   "result": {
      "max": 0.2282593668159395,
      "min": 0.2282593668159395
   },
   "states": {
      "count": 7064,
      "initial": 3125
   }
}