{
   "count_transitions": 659,
   "nodes": 1995,
   "result": {
      "max": 0.2282593668159395,
      "min": 0.2282593668159395
   },
   "states": {
      "count": 493,
      "initial": 1
   }
}