{
   "count_transitions": 1194,
   "nodes": 2110,
   "result": {
      "max": 0.2282593668159395,
      "min": 0.2282593668159395
   },
   "states": {
      "count": 899,
      "initial": 1
   }
}