{
   "count_transitions": 872,
   "nodes": 2249,
   "result": {
      "max": 0.2282593668159395,
      "min": 0.2282593668159395
   },
   "states": {
      "count": 655,
      "initial": 1
   }
}