{
   "count_transitions": 12010,
   "nodes": 2148,
   "result": {
      "max": 0.2282593668159395,
      "min": 0.2282593668159395
   },
   "states": {
      "count": 7309,
      "initial": 3125
   }
}