{
   "count_transitions": 1667,
   "nodes": 2161,
   "result": {
      "max": 0.27045163915746606,
      "min": 0.27045163915746606
   },
   "states": {
      "count": 1231,
      "initial": 125
   }
}