{
   "count_transitions": 475,
   "nodes": 558,
   "result": {
      "max": 0.2847843366664394,
      "min": 0.2847843366664394
   },
   "states": {
      "count": 445,
      "initial": 125
   }
}