{
   "count_transitions": 12507,
   "nodes": 2210,
   "result": {
      "max": 0.2282593668159395,
      "min": 0.2282593668159395
   },
   "states": {
      "count": 7632,
      "initial": 3125
   }
}