{
   "count_transitions": 820,
   "nodes": 2134,
   "result": {
      "max": 0.2282593668159395,
      "min": 0.2282593668159395
   },
   "states": {
      "count": 607,
      "initial": 1
   }
}