{
   "count_transitions": 11739,
   "nodes": 2173,
   "result": {
      "max": 0.2282593668159395,
      "min": 0.2282593668159395
   },
   "states": {
      "count": 7092,
      "initial": 3125
   }
}