{
   "count_transitions": 560,
   "nodes": 1911,
   "result": {
      "max": 0.2282593668159395,
      "min": 0.2282593668159395
   },
   "states": {
      "count": 425,
      "initial": 1
   }
}