{
   "count_transitions": 829,
   "nodes": 2128,
   "result": {
      "max": 0.2282593668159395,
      "min": 0.2282593668159395
   },
   "states": {
      "count": 615,
      "initial": 1
   }
}