{
   "count_transitions": 644,
   "nodes": 2047,
   "result": {
      "max": 0.2282593668159395,
      "min": 0.2282593668159395
   },
   "states": {
      "count": 479,
      "initial": 1
   }
}