{
   "count_transitions": 12028,
   "nodes": 2146,
   "result": {
      "max": 0.2282593668159395,
      "min": 0.2282593668159395
   },
   "states": {
      "count": 7311,
      "initial": 3125
   }
}