{
   "count_transitions": 1109,
   "nodes": 2148,
   "result": {
      "max": 0.2282593668159395,
      "min": 0.2282593668159395
   },
   "states": {
      "count": 826,
      "initial": 1
   }
}