{
   "count_transitions": 12026,
   "nodes": 2189,
   "result": {
      "max": 0.2282593668159395,
      "min": 0.2282593668159395
   },
   "states": {
      "count": 7333,
      "initial": 3125
   }
}