{
   "count_transitions": 942,
   "nodes": 2094,
   "result": {
      "max": 0.2282593668159395,
      "min": 0.2282593668159395
   },
   "states": {
      "count": 715,
      "initial": 1
   }
}