{
   "count_transitions": 11972,
   "nodes": 2207,
   "result": {
      "max": 0.2282593668159395,
      "min": 0.2282593668159395
   },
   "states": {
      "count": 7263,
      "initial": 3125
   }
}