{
   "count_transitions": 11885,
   "nodes": 2315,
   "result": {
      "max": 0.2282593668159395,
      "min": 0.2282593668159395
   },
   "states": {
      "count": 7211,
      "initial": 3125
   }
}