{
   "count_transitions": 11710,
   "nodes": 2028,
   "result": {
      "max": 0.2282593668159395,
      "min": 0.2282593668159395
   },
   "states": {
      "count": 7070,
      "initial": 3125
   }
}