{
   "count_transitions": 640,
   "nodes": 1990,
   "result": {
      "max": 0.2282593668159395,
      "min": 0.2282593668159395
   },
   "states": {
      "count": 476,
      "initial": 1
   }
}