{
   "count_transitions": 11688,
   "nodes": 1950,
   "result": {
      "max": 0.2282593668159395,
      "min": 0.2282593668159395
   },
   "states": {
      "count": 7052,
      "initial": 3125
   }
}