{
   "count_transitions": 654,
   "nodes": 1913,
   "result": {
      "max": 0.2282593668159395,
      "min": 0.2282593668159395
   },
   "states": {
      "count": 487,
      "initial": 1
   }
}