{
   "count_transitions": 855,
   "nodes": 2025,
   "result": {
      "max": 0.2282593668159395,
      "min": 0.2282593668159395
   },
   "states": {
      "count": 635,
      "initial": 1
   }
}