{
   "count_transitions": 12633,
   "nodes": 2074,
   "result": {
      "max": 0.2282593668159395,
      "min": 0.2282593668159395
   },
   "states": {
      "count": 7736,
      "initial": 3125
   }
}