{
   "count_transitions": 12425,
   "nodes": 2145,
   "result": {
      "max": 0.2282593668159395,
      "min": 0.2282593668159395
   },
   "states": {
      "count": 7578,
      "initial": 3125
   }
}