{
   "count_transitions": 12453,
   "nodes": 2134,
   "result": {
      "max": 0.2282593668159395,
      "min": 0.2282593668159395
   },
   "states": {
      "count": 7588,
      "initial": 3125
   }
}