{
   "count_transitions": 11808,
   "nodes": 2196,
   "result": {
      "max": 0.2282593668159395,
      "min": 0.2282593668159395
   },
   "states": {
      "count": 7147,
      "initial": 3125
   }
}