{
   "count_transitions": 11719,
   "nodes": 2002,
   "result": {
      "max": 0.2282593668159395,
      "min": 0.2282593668159395
   },
   "states": {
      "count": 7090,
      "initial": 3125
   }
}