{
   "count_transitions": 11996,
   "nodes": 2178,
   "result": {
      "max": 0.2282593668159395,
      "min": 0.2282593668159395
   },
   "states": {
      "count": 7283,
      "initial": 3125
   }
}