{
   "count_transitions": 11731,
   "nodes": 2088,
   "result": {
      "max": 0.2282593668159395,
      "min": 0.2282593668159395
   },
   "states": {
      "count": 7085,
      "initial": 3125
   }
}