{
   "count_transitions": 945,
   "nodes": 2205,
   "result": {
      "max": 0.2282593668159395,
      "min": 0.2282593668159395
   },
   "states": {
      "count": 712,
      "initial": 1
   }
}