{
   "count_transitions": 11864,
   "nodes": 2070,
   "result": {
      "max": 0.2282593668159395,
      "min": 0.2282593668159395
   },
   "states": {
      "count": 7197,
      "initial": 3125
   }
}