{
   "count_transitions": 830,
   "nodes": 2081,
   "result": {
      "max": 0.2282593668159395,
      "min": 0.2282593668159395
   },
   "states": {
      "count": 617,
      "initial": 1
   }
}