{
   "count_transitions": 12614,
   "nodes": 2171,
   "result": {
      "max": 0.2282593668159395,
      "min": 0.2282593668159395
   },
   "states": {
      "count": 7710,
      "initial": 3125
   }
}