{
   "count_transitions": 11830,
   "nodes": 2404,
   "result": {
      "max": 0.2282593668159395,
      "min": 0.2282593668159395
   },
   "states": {
      "count": 7177,
      "initial": 3125
   }
}