{
   "count_transitions": 987,
   "nodes": 2034,
   "result": {
      "max": 0.2282593668159395,
      "min": 0.2282593668159395
   },
   "states": {
      "count": 744,
      "initial": 1
   }
}