{
   "count_transitions": 723,
   "nodes": 2088,
   "result": {
      "max": 0.2282593668159395,
      "min": 0.2282593668159395
   },
   "states": {
      "count": 547,
      "initial": 1
   }
}