{
   "count_transitions": 12032,
   "nodes": 2043,
   "result": {
      "max": 0.2282593668159395,
      "min": 0.2282593668159395
   },
   "states": {
      "count": 7317,
      "initial": 3125
   }
}