{
   "count_transitions": 832,
   "nodes": 2267,
   "result": {
      "max": 0.2282593668159395,
      "min": 0.2282593668159395
   },
   "states": {
      "count": 623,
      "initial": 1
   }
}