{
   "count_transitions": 12411,
   "nodes": 1974,
   "result": {
      "max": 0.2282593668159395,
      "min": 0.2282593668159395
   },
   "states": {
      "count": 7563,
      "initial": 3125
   }
}