{
   "count_transitions": 11961,
   "nodes": 2158,
   "result": {
      "max": 0.2282593668159395,
      "min": 0.2282593668159395
   },
   "states": {
      "count": 7256,
      "initial": 3125
   }
}