{
   "count_transitions": 11693,
   "nodes": 2087,
   "result": {
      "max": 0.2282593668159395,
      "min": 0.2282593668159395
   },
   "states": {
      "count": 7058,
      "initial": 3125
   }
}