{
   "count_transitions": 802,
   "nodes": 1962,
   "result": {
      "max": 0.2282593668159395,
      "min": 0.2282593668159395
   },
   "states": {
      "count": 594,
      "initial": 1
   }
}