{
   "count_transitions": 11699,
   "nodes": 1993,
   "result": {
      "max": 0.2282593668159395,
      "min": 0.2282593668159395
   },
   "states": {
      "count": 7063,
      "initial": 3125
   }
}