{
   "count_transitions": 12515,
   "nodes": 2169,
   "result": {
      "max": 0.2282593668159395,
      "min": 0.2282593668159395
   },
   "states": {
      "count": 7640,
      "initial": 3125
   }
}