{
   "count_transitions": 541,
   "nodes": 1958,
   "result": {
      "max": 0.2282593668159395,
      "min": 0.2282593668159395
   },
   "states": {
      "count": 409,
      "initial": 1
   }
}