{
   "count_transitions": 12660,
   "nodes": 2204,
   "result": {
      "max": 0.2282593668159395,
      "min": 0.2282593668159395
   },
   "states": {
      "count": 7747,
      "initial": 3125
   }
}