{
   "count_transitions": 566,
   "nodes": 2083,
   "result": {
      "max": 0.2282593668159395,
      "min": 0.2282593668159395
   },
   "states": {
      "count": 430,
      "initial": 1
   }
}