{
   "count_transitions": 883,
   "nodes": 2174,
   "result": {
      "max": 0.2282593668159395,
      "min": 0.2282593668159395
   },
   "states": {
      "count": 658,
      "initial": 1
   }
}