{
   "count_transitions": 11671,
   "nodes": 2035,
   "result": {
      "max": 0.2282593668159395,
      "min": 0.2282593668159395
   },
   "states": {
      "count": 7039,
      "initial": 3125
   }
}