{
   "count_transitions": 775,
   "nodes": 2127,
   "result": {
      "max": 0.2282593668159395,
      "min": 0.2282593668159395
   },
   "states": {
      "count": 579,
      "initial": 1
   }
}