{
   "count_transitions": 673,
   "nodes": 2005,
   "result": {
      "max": 0.2282593668159395,
      "min": 0.2282593668159395
   },
   "states": {
      "count": 506,
      "initial": 1
   }
}