{
   "count_transitions": 12397,
   "nodes": 2157,
   "result": {
      "max": 0.2282593668159395,
      "min": 0.2282593668159395
   },
   "states": {
      "count": 7551,
      "initial": 3125
   }
}