{
   "count_transitions": 672,
   "nodes": 2076,
   "result": {
      "max": 0.2282593668159395,
      "min": 0.2282593668159395
   },
   "states": {
      "count": 503,
      "initial": 1
   }
}