{
   "count_transitions": 550,
   "nodes": 2146,
   "result": {
      "max": 0.2282593668159395,
      "min": 0.2282593668159395
   },
   "states": {
      "count": 415,
      "initial": 1
   }
}