{
   "count_transitions": 12548,
   "nodes": 2056,
   "result": {
      "max": 0.2282593668159395,
      "min": 0.2282593668159395
   },
   "states": {
      "count": 7664,
      "initial": 3125
   }
}