{
   "count_transitions": 609,
   "nodes": 1890,
   "result": {
      "max": 0.2282593668159395,
      "min": 0.2282593668159395
   },
   "states": {
      "count": 461,
      "initial": 1
   }
}