{
   "count_transitions": 12471,
   "nodes": 1984,
   "result": {
      "max": 0.2282593668159395,
      "min": 0.2282593668159395
   },
   "states": {
      "count": 7603,
      "initial": 3125
   }
}