{
   "count_transitions": 11751,
   "nodes": 2054,
   "result": {
      "max": 0.2282593668159395,
      "min": 0.2282593668159395
   },
   "states": {
      "count": 7114,
      "initial": 3125
   }
}