{
   "count_transitions": 12001,
   "nodes": 2152,
   "result": {
      "max": 0.2282593668159395,
      "min": 0.2282593668159395
   },
   "states": {
      "count": 7308,
      "initial": 3125
   }
}