{
   "count_transitions": 12602,
   "nodes": 2141,
   "result": {
      "max": 0.2282593668159395,
      "min": 0.2282593668159395
   },
   "states": {
      "count": 7703,
      "initial": 3125
   }
}