{
   "count_transitions": 740,
   "nodes": 2143,
   "result": {
      "max": 0.2282593668159395,
      "min": 0.2282593668159395
   },
   "states": {
      "count": 561,
      "initial": 1
   }
}