{
   "count_transitions": 11695,
   "nodes": 2065,
   "result": {
      "max": 0.2282593668159395,
      "min": 0.2282593668159395
   },
   "states": {
      "count": 7057,
      "initial": 3125
   }
}