{
   "count_transitions": 11733,
   "nodes": 2018,
   "result": {
      "max": 0.2282593668159395,
      "min": 0.2282593668159395
   },
   "states": {
      "count": 7086,
      "initial": 3125
   }
}