{
   "count_transitions": 830,
   "nodes": 2138,
   "result": {
      "max": 0.2282593668159395,
      "min": 0.2282593668159395
   },
   "states": {
      "count": 613,
      "initial": 1
   }
}