{
   "count_transitions": 12428,
   "nodes": 2153,
   "result": {
      "max": 0.2282593668159395,
      "min": 0.2282593668159395
   },
   "states": {
      "count": 7569,
      "initial": 3125
   }
}