{
   "count_transitions": 862,
   "nodes": 2132,
   "result": {
      "max": 0.2282593668159395,
      "min": 0.2282593668159395
   },
   "states": {
      "count": 642,
      "initial": 1
   }
}