{
   "count_transitions": 11884,
   "nodes": 2188,
   "result": {
      "max": 0.2282593668159395,
      "min": 0.2282593668159395
   },
   "states": {
      "count": 7210,
      "initial": 3125
   }
}