{
   "count_transitions": 12556,
   "nodes": 2004,
   "result": {
      "max": 0.2282593668159395,
      "min": 0.2282593668159395
   },
   "states": {
      "count": 7670,
      "initial": 3125
   }
}