{
   "count_transitions": 11724,
   "nodes": 2245,
   "result": {
      "max": 0.2282593668159395,
      "min": 0.2282593668159395
   },
   "states": {
      "count": 7081,
      "initial": 3125
   }
}