{
   "count_transitions": 1061,
   "nodes": 2043,
   "result": {
      "max": 0.2282593668159395,
      "min": 0.2282593668159395
   },
   "states": {
      "count": 784,
      "initial": 1
   }
}