{
   "count_transitions": 832,
   "nodes": 2050,
   "result": {
      "max": 0.2282593668159395,
      "min": 0.2282593668159395
   },
   "states": {
      "count": 616,
      "initial": 1
   }
}