{
   "count_transitions": 931,
   "nodes": 2158,
   "result": {
      "max": 0.27045163915746606,
      "min": 0.27045163915746606
   },
   "states": {
      "count": 763,
      "initial": 1
   }
}