{
   "count_transitions": 748,
   "nodes": 2486,
   "result": {
      "max": 0.2282593668159395,
      "min": 0.2282593668159395
   },
   "states": {
      "count": 567,
      "initial": 1
   }
}