{
   "count_transitions": 1483,
   "nodes": 2247,
   "result": {
      "max": 0.27045163915746606,
      "min": 0.27045163915746606
   },
   "states": {
      "count": 1105,
      "initial": 125
   }
}