{
   "count_transitions": 642,
   "nodes": 2061,
   "result": {
      "max": 0.2282593668159395,
      "min": 0.2282593668159395
   },
   "states": {
      "count": 477,
      "initial": 1
   }
}