{
   "count_transitions": 656,
   "nodes": 1908,
   "result": {
      "max": 0.2282593668159395,
      "min": 0.2282593668159395
   },
   "states": {
      "count": 489,
      "initial": 1
   }
}