{
   "count_transitions": 11690,
   "nodes": 1918,
   "result": {
      "max": 0.2282593668159395,
      "min": 0.2282593668159395
   },
   "states": {
      "count": 7054,
      "initial": 3125
   }
}