{
   "count_transitions": 12544,
   "nodes": 2212,
   "result": {
      "max": 0.2282593668159395,
      "min": 0.2282593668159395
   },
   "states": {
      "count": 7665,
      "initial": 3125
   }
}