{
   "count_transitions": 1499,
   "nodes": 2257,
   "result": {
      "max": 0.27045163915746606,
      "min": 0.27045163915746606
   },
   "states": {
      "count": 1137,
      "initial": 125
   }
}