{
   "count_transitions": 11761,
   "nodes": 2101,
   "result": {
      "max": 0.2282593668159395,
      "min": 0.2282593668159395
   },
   "states": {
      "count": 7108,
      "initial": 3125
   }
}