{
   "count_transitions": 1032,
   "nodes": 2099,
   "result": {
      "max": 0.2282593668159395,
      "min": 0.2282593668159395
   },
   "states": {
      "count": 762,
      "initial": 1
   }
}