{
   "count_transitions": 4121,
   "nodes": 2714,
   "result": {
      "max": 0.2282593668159395,
      "min": 0.2282593668159395
   },
   "states": {
      "count": 3045,
      "initial": 1
   }
}