{
   "count_transitions": 736,
   "nodes": 1969,
   "result": {
      "max": 0.2282593668159395,
      "min": 0.2282593668159395
   },
   "states": {
      "count": 557,
      "initial": 1
   }
}