{
   "count_transitions": 12022,
   "nodes": 2038,
   "result": {
      "max": 0.2282593668159395,
      "min": 0.2282593668159395
   },
   "states": {
      "count": 7315,
      "initial": 3125
   }
}