{
   "count_transitions": 651,
   "nodes": 2187,
   "result": {
      "max": 0.2282593668159395,
      "min": 0.2282593668159395
   },
   "states": {
      "count": 494,
      "initial": 1
   }
}