{
   "count_transitions": 11976,
   "nodes": 1898,
   "result": {
      "max": 0.2282593668159395,
      "min": 0.2282593668159395
   },
   "states": {
      "count": 7265,
      "initial": 3125
   }
}