{
   "count_transitions": 1093,
   "nodes": 2135,
   "result": {
      "max": 0.2282593668159395,
      "min": 0.2282593668159395
   },
   "states": {
      "count": 810,
      "initial": 1
   }
}