{
   "count_transitions": 12012,
   "nodes": 2147,
   "result": {
      "max": 0.2282593668159395,
      "min": 0.2282593668159395
   },
   "states": {
      "count": 7295,
      "initial": 3125
   }
}