{
   "count_transitions": 12078,
   "nodes": 2126,
   "result": {
      "max": 0.2282593668159395,
      "min": 0.2282593668159395
   },
   "states": {
      "count": 7363,
      "initial": 3125
   }
}