{
   "count_transitions": 940,
   "nodes": 2063,
   "result": {
      "max": 0.2282593668159395,
      "min": 0.2282593668159395
   },
   "states": {
      "count": 709,
      "initial": 1
   }
}