{
   "count_transitions": 11925,
   "nodes": 1907,
   "result": {
      "max": 0.2282593668159395,
      "min": 0.2282593668159395
   },
   "states": {
      "count": 7226,
      "initial": 3125
   }
}