{
   "count_transitions": 923,
   "nodes": 2130,
   "result": {
      "max": 0.2282593668159395,
      "min": 0.2282593668159395
   },
   "states": {
      "count": 696,
      "initial": 1
   }
}