{
   "count_transitions": 624,
   "nodes": 1947,
   "result": {
      "max": 0.2282593668159395,
      "min": 0.2282593668159395
   },
   "states": {
      "count": 468,
      "initial": 1
   }
}