{
   "count_transitions": 1022,
   "nodes": 2036,
   "result": {
      "max": 0.2282593668159395,
      "min": 0.2282593668159395
   },
   "states": {
      "count": 753,
      "initial": 1
   }
}