{
   "count_transitions": 11919,
   "nodes": 2096,
   "result": {
      "max": 0.2282593668159395,
      "min": 0.2282593668159395
   },
   "states": {
      "count": 7222,
      "initial": 3125
   }
}