{
   "count_transitions": 861,
   "nodes": 2179,
   "result": {
      "max": 0.2282593668159395,
      "min": 0.2282593668159395
   },
   "states": {
      "count": 652,
      "initial": 1
   }
}