{
   "count_transitions": 11980,
   "nodes": 2102,
   "result": {
      "max": 0.2282593668159395,
      "min": 0.2282593668159395
   },
   "states": {
      "count": 7293,
      "initial": 3125
   }
}