{
   "count_transitions": 786,
   "nodes": 1991,
   "result": {
      "max": 0.2282593668159395,
      "min": 0.2282593668159395
   },
   "states": {
      "count": 580,
      "initial": 1
   }
}