{
   "count_transitions": 11683,
   "nodes": 2091,
   "result": {
      "max": 0.2282593668159395,
      "min": 0.2282593668159395
   },
   "states": {
      "count": 7049,
      "initial": 3125
   }
}