{
   "count_transitions": 11921,
   "nodes": 1892,
   "result": {
      "max": 0.2282593668159395,
      "min": 0.2282593668159395
   },
   "states": {
      "count": 7222,
      "initial": 3125
   }
}