{
   "count_transitions": 11927,
   "nodes": 2040,
   "result": {
      "max": 0.2282593668159395,
      "min": 0.2282593668159395
   },
   "states": {
      "count": 7246,
      "initial": 3125
   }
}