{
   "count_transitions": 848,
   "nodes": 2075,
   "result": {
      "max": 0.2282593668159395,
      "min": 0.2282593668159395
   },
   "states": {
      "count": 630,
      "initial": 1
   }
}