{
   "count_transitions": 739,
   "nodes": 2150,
   "result": {
      "max": 0.2282593668159395,
      "min": 0.2282593668159395
   },
   "states": {
      "count": 560,
      "initial": 1
   }
}