{
   "count_transitions": 11985,
   "nodes": 2010,
   "result": {
      "max": 0.2282593668159395,
      "min": 0.2282593668159395
   },
   "states": {
      "count": 7282,
      "initial": 3125
   }
}