{
   "count_transitions": 1088,
   "nodes": 2225,
   "result": {
      "max": 0.2282593668159395,
      "min": 0.2282593668159395
   },
   "states": {
      "count": 813,
      "initial": 1
   }
}