{
   "count_transitions": 12364,
   "nodes": 2039,
   "result": {
      "max": 0.2282593668159395,
      "min": 0.2282593668159395
   },
   "states": {
      "count": 7526,
      "initial": 3125
   }
}