{
   "count_transitions": 11696,
   "nodes": 1953,
   "result": {
      "max": 0.2282593668159395,
      "min": 0.2282593668159395
   },
   "states": {
      "count": 7060,
      "initial": 3125
   }
}