{
   "count_transitions": 12415,
   "nodes": 2151,
   "result": {
      "max": 0.2282593668159395,
      "min": 0.2282593668159395
   },
   "states": {
      "count": 7567,
      "initial": 3125
   }
}