{
   "count_transitions": 792,
   "nodes": 1994,
   "result": {
      "max": 0.2282593668159395,
      "min": 0.2282593668159395
   },
   "states": {
      "count": 584,
      "initial": 1
   }
}