{
   "count_transitions": 821,
   "nodes": 2449,
   "result": {
      "max": 0.27045163915746606,
      "min": 0.27045163915746606
   },
   "states": {
      "count": 686,
      "initial": 1
   }
}