{
   "count_transitions": 665,
   "nodes": 2036,
   "result": {
      "max": 0.2282593668159395,
      "min": 0.2282593668159395
   },
   "states": {
      "count": 505,
      "initial": 1
   }
}