{
   "count_transitions": 943,
   "nodes": 2500,
   "result": {
      "max": 0.27045163915746606,
      "min": 0.27045163915746606
   },
   "states": {
      "count": 775,
      "initial": 1
   }
}