{
   "count_transitions": 11729,
   "nodes": 2192,
   "result": {
      "max": 0.2282593668159395,
      "min": 0.2282593668159395
   },
   "states": {
      "count": 7084,
      "initial": 3125
   }
}