{
   "count_transitions": 686,
   "nodes": 2362,
   "result": {
      "max": 0.2282593668159395,
      "min": 0.2282593668159395
   },
   "states": {
      "count": 513,
      "initial": 1
   }
}