{
   "count_transitions": 11840,
   "nodes": 2100,
   "result": {
      "max": 0.2282593668159395,
      "min": 0.2282593668159395
   },
   "states": {
      "count": 7176,
      "initial": 3125
   }
}