{
   "count_transitions": 11941,
   "nodes": 2193,
   "result": {
      "max": 0.2282593668159395,
      "min": 0.2282593668159395
   },
   "states": {
      "count": 7237,
      "initial": 3125
   }
}