{
   "count_transitions": 974,
   "nodes": 2274,
   "result": {
      "max": 0.27045163915746606,
      "min": 0.27045163915746606
   },
   "states": {
      "count": 793,
      "initial": 1
   }
}