{
   "count_transitions": 11839,
   "nodes": 2085,
   "result": {
      "max": 0.2282593668159395,
      "min": 0.2282593668159395
   },
   "states": {
      "count": 7175,
      "initial": 3125
   }
}