{
   "count_transitions": 553,
   "nodes": 1992,
   "result": {
      "max": 0.2282593668159395,
      "min": 0.2282593668159395
   },
   "states": {
      "count": 417,
      "initial": 1
   }
}