{
   "count_transitions": 1148,
   "nodes": 2204,
   "result": {
      "max": 0.2282593668159395,
      "min": 0.2282593668159395
   },
   "states": {
      "count": 859,
      "initial": 1
   }
}