{
   "count_transitions": 884,
   "nodes": 2095,
   "result": {
      "max": 0.2282593668159395,
      "min": 0.2282593668159395
   },
   "states": {
      "count": 661,
      "initial": 1
   }
}