{
   "count_transitions": 1507,
   "nodes": 2319,
   "result": {
      "max": 0.27045163915746606,
      "min": 0.27045163915746606
   },
   "states": {
      "count": 1138,
      "initial": 125
   }
}