{
   "count_transitions": 11804,
   "nodes": 2156,
   "result": {
      "max": 0.2282593668159395,
      "min": 0.2282593668159395
   },
   "states": {
      "count": 7147,
      "initial": 3125
   }
}