{
   "count_transitions": 469,
   "nodes": 1981,
   "result": {
      "max": 0.2282593668159395,
      "min": 0.2282593668159395
   },
   "states": {
      "count": 358,
      "initial": 1
   }
}