{
   "count_transitions": 12335,
   "nodes": 2018,
   "result": {
      "max": 0.2282593668159395,
      "min": 0.2282593668159395
   },
   "states": {
      "count": 7504,
      "initial": 3125
   }
}