{
   "count_transitions": 526,
   "nodes": 1937,
   "result": {
      "max": 0.2282593668159395,
      "min": 0.2282593668159395
   },
   "states": {
      "count": 398,
      "initial": 1
   }
}