{
   "count_transitions": 892,
   "nodes": 1976,
   "result": {
      "max": 0.2282593668159395,
      "min": 0.2282593668159395
   },
   "states": {
      "count": 667,
      "initial": 1
   }
}