{
   "count_transitions": 12030,
   "nodes": 2064,
   "result": {
      "max": 0.2282593668159395,
      "min": 0.2282593668159395
   },
   "states": {
      "count": 7321,
      "initial": 3125
   }
}