{
   "count_transitions": 11715,
   "nodes": 2176,
   "result": {
      "max": 0.2282593668159395,
      "min": 0.2282593668159395
   },
   "states": {
      "count": 7071,
      "initial": 3125
   }
}