{
   "count_transitions": 923,
   "nodes": 2101,
   "result": {
      "max": 0.2282593668159395,
      "min": 0.2282593668159395
   },
   "states": {
      "count": 688,
      "initial": 1
   }
}