{
   "count_transitions": 11984,
   "nodes": 2036,
   "result": {
      "max": 0.2282593668159395,
      "min": 0.2282593668159395
   },
   "states": {
      "count": 7284,
      "initial": 3125
   }
}