{
   "count_transitions": 762,
   "nodes": 2165,
   "result": {
      "max": 0.2282593668159395,
      "min": 0.2282593668159395
   },
   "states": {
      "count": 574,
      "initial": 1
   }
}