{
   "count_transitions": 12457,
   "nodes": 2223,
   "result": {
      "max": 0.2282593668159395,
      "min": 0.2282593668159395
   },
   "states": {
      "count": 7602,
      "initial": 3125
   }
}