{
   "count_transitions": 598,
   "nodes": 1841,
   "result": {
      "max": 0.2282593668159395,
      "min": 0.2282593668159395
   },
   "states": {
      "count": 453,
      "initial": 1
   }
}