{
   "count_transitions": 533,
   "nodes": 1963,
   "result": {
      "max": 0.2282593668159395,
      "min": 0.2282593668159395
   },
   "states": {
      "count": 402,
      "initial": 1
   }
}