{
   "count_transitions": 552,
   "nodes": 1921,
   "result": {
      "max": 0.2282593668159395,
      "min": 0.2282593668159395
   },
   "states": {
      "count": 417,
      "initial": 1
   }
}