{
   "count_transitions": 902,
   "nodes": 2429,
   "result": {
      "max": 0.27045163915746606,
      "min": 0.27045163915746606
   },
   "states": {
      "count": 747,
      "initial": 1
   }
}