{
   "count_transitions": 1102,
   "nodes": 2121,
   "result": {
      "max": 0.2282593668159395,
      "min": 0.2282593668159395
   },
   "states": {
      "count": 831,
      "initial": 1
   }
}