{
   "count_transitions": 12587,
   "nodes": 2264,
   "result": {
      "max": 0.2282593668159395,
      "min": 0.2282593668159395
   },
   "states": {
      "count": 7694,
      "initial": 3125
   }
}