{
   "count_transitions": 939,
   "nodes": 2169,
   "result": {
      "max": 0.2282593668159395,
      "min": 0.2282593668159395
   },
   "states": {
      "count": 700,
      "initial": 1
   }
}