{
   "count_transitions": 11936,
   "nodes": 2132,
   "result": {
      "max": 0.2282593668159395,
      "min": 0.2282593668159395
   },
   "states": {
      "count": 7258,
      "initial": 3125
   }
}