{
   "count_transitions": 650,
   "nodes": 2069,
   "result": {
      "max": 0.2282593668159395,
      "min": 0.2282593668159395
   },
   "states": {
      "count": 500,
      "initial": 1
   }
}