{
   "count_transitions": 696,
   "nodes": 1934,
   "result": {
      "max": 0.2282593668159395,
      "min": 0.2282593668159395
   },
   "states": {
      "count": 524,
      "initial": 1
   }
}