{
   "count_transitions": 12698,
   "nodes": 2074,
   "result": {
      "max": 0.2282593668159395,
      "min": 0.2282593668159395
   },
   "states": {
      "count": 7781,
      "initial": 3125
   }
}