{
   "count_transitions": 836,
   "nodes": 2051,
   "result": {
      "max": 0.2282593668159395,
      "min": 0.2282593668159395
   },
   "states": {
      "count": 639,
      "initial": 1
   }
}