{
   "count_transitions": 997,
   "nodes": 2329,
   "result": {
      "max": 0.27045163915746606,
      "min": 0.27045163915746606
   },
   "states": {
      "count": 825,
      "initial": 1
   }
}