{
   "count_transitions": 12475,
   "nodes": 2170,
   "result": {
      "max": 0.2282593668159395,
      "min": 0.2282593668159395
   },
   "states": {
      "count": 7607,
      "initial": 3125
   }
}