{
   "count_transitions": 797,
   "nodes": 2172,
   "result": {
      "max": 0.27045163915746606,
      "min": 0.27045163915746606
   },
   "states": {
      "count": 652,
      "initial": 1
   }
}