{
   "count_transitions": 777,
   "nodes": 1928,
   "result": {
      "max": 0.2282593668159395,
      "min": 0.2282593668159395
   },
   "states": {
      "count": 572,
      "initial": 1
   }
}