{
   "count_transitions": 915,
   "nodes": 2144,
   "result": {
      "max": 0.2282593668159395,
      "min": 0.2282593668159395
   },
   "states": {
      "count": 690,
      "initial": 1
   }
}