{
   "count_transitions": 660,
   "nodes": 1975,
   "result": {
      "max": 0.2282593668159395,
      "min": 0.2282593668159395
   },
   "states": {
      "count": 498,
      "initial": 1
   }
}