{
   "count_transitions": 11873,
   "nodes": 1881,
   "result": {
      "max": 0.2282593668159395,
      "min": 0.2282593668159395
   },
   "states": {
      "count": 7206,
      "initial": 3125
   }
}