{
   "count_transitions": 1742,
   "nodes": 2310,
   "result": {
      "max": 0.27045163915746606,
      "min": 0.27045163915746606
   },
   "states": {
      "count": 1296,
      "initial": 125
   }
}