{
   "count_transitions": 11795,
   "nodes": 2020,
   "result": {
      "max": 0.2282593668159395,
      "min": 0.2282593668159395
   },
   "states": {
      "count": 7149,
      "initial": 3125
   }
}