{
   "count_transitions": 569,
   "nodes": 1915,
   "result": {
      "max": 0.2282593668159395,
      "min": 0.2282593668159395
   },
   "states": {
      "count": 431,
      "initial": 1
   }
}