{
   "count_transitions": 11932,
   "nodes": 2033,
   "result": {
      "max": 0.2282593668159395,
      "min": 0.2282593668159395
   },
   "states": {
      "count": 7250,
      "initial": 3125
   }
}