{
   "count_transitions": 1028,
   "nodes": 2144,
   "result": {
      "max": 0.2282593668159395,
      "min": 0.2282593668159395
   },
   "states": {
      "count": 760,
      "initial": 1
   }
}