{
   "count_transitions": 11735,
   "nodes": 2201,
   "result": {
      "max": 0.2282593668159395,
      "min": 0.2282593668159395
   },
   "states": {
      "count": 7089,
      "initial": 3125
   }
}