{
   "count_transitions": 1036,
   "nodes": 2093,
   "result": {
      "max": 0.2282593668159395,
      "min": 0.2282593668159395
   },
   "states": {
      "count": 766,
      "initial": 1
   }
}