{
   "count_transitions": 11955,
   "nodes": 2114,
   "result": {
      "max": 0.2282593668159395,
      "min": 0.2282593668159395
   },
   "states": {
      "count": 7251,
      "initial": 3125
   }
}