{
   "count_transitions": 769,
   "nodes": 2162,
   "result": {
      "max": 0.2282593668159395,
      "min": 0.2282593668159395
   },
   "states": {
      "count": 575,
      "initial": 1
   }
}