{
   "count_transitions": 12560,
   "nodes": 2203,
   "result": {
      "max": 0.2282593668159395,
      "min": 0.2282593668159395
   },
   "states": {
      "count": 7674,
      "initial": 3125
   }
}