{
   "count_transitions": 785,
   "nodes": 2065,
   "result": {
      "max": 0.2282593668159395,
      "min": 0.2282593668159395
   },
   "states": {
      "count": 578,
      "initial": 1
   }
}