{
   "count_transitions": 548,
   "nodes": 1998,
   "result": {
      "max": 0.2282593668159395,
      "min": 0.2282593668159395
   },
   "states": {
      "count": 413,
      "initial": 1
   }
}