{
   "count_transitions": 11951,
   "nodes": 2425,
   "result": {
      "max": 0.2282593668159395,
      "min": 0.2282593668159395
   },
   "states": {
      "count": 7268,
      "initial": 3125
   }
}