{
   "count_transitions": 881,
   "nodes": 2294,
   "result": {
      "max": 0.27045163915746606,
      "min": 0.27045163915746606
   },
   "states": {
      "count": 723,
      "initial": 1
   }
}