{
   "count_transitions": 11962,
   "nodes": 2238,
   "result": {
      "max": 0.2282593668159395,
      "min": 0.2282593668159395
   },
   "states": {
      "count": 7273,
      "initial": 3125
   }
}