{
   "count_transitions": 12638,
   "nodes": 2115,
   "result": {
      "max": 0.2282593668159395,
      "min": 0.2282593668159395
   },
   "states": {
      "count": 7741,
      "initial": 3125
   }
}