{
   "count_transitions": 690,
   "nodes": 1992,
   "result": {
      "max": 0.2282593668159395,
      "min": 0.2282593668159395
   },
   "states": {
      "count": 523,
      "initial": 1
   }
}