{
   "count_transitions": 953,
   "nodes": 2347,
   "result": {
      "max": 0.27045163915746606,
      "min": 0.27045163915746606
   },
   "states": {
      "count": 791,
      "initial": 1
   }
}