{
   "count_transitions": 11694,
   "nodes": 2086,
   "result": {
      "max": 0.2282593668159395,
      "min": 0.2282593668159395
   },
   "states": {
      "count": 7056,
      "initial": 3125
   }
}