{
   "count_transitions": 1797,
   "nodes": 2335,
   "result": {
      "max": 0.27045163915746606,
      "min": 0.27045163915746606
   },
   "states": {
      "count": 1334,
      "initial": 125
   }
}