{
   "count_transitions": 580,
   "nodes": 1954,
   "result": {
      "max": 0.2282593668159395,
      "min": 0.2282593668159395
   },
   "states": {
      "count": 440,
      "initial": 1
   }
}