{
   "count_transitions": 11793,
   "nodes": 2042,
   "result": {
      "max": 0.2282593668159395,
      "min": 0.2282593668159395
   },
   "states": {
      "count": 7148,
      "initial": 3125
   }
}