{
   "count_transitions": 12023,
   "nodes": 2128,
   "result": {
      "max": 0.2282593668159395,
      "min": 0.2282593668159395
   },
   "states": {
      "count": 7306,
      "initial": 3125
   }
}