{
   "count_transitions": 1126,
   "nodes": 2062,
   "result": {
      "max": 0.2282593668159395,
      "min": 0.2282593668159395
   },
   "states": {
      "count": 837,
      "initial": 1
   }
}