{
   "count_transitions": 1485,
   "nodes": 2582,
   "result": {
      "max": 0.27045163915746606,
      "min": 0.27045163915746606
   },
   "states": {
      "count": 1120,
      "initial": 125
   }
}