{
   "count_transitions": 291,
   "nodes": 686,
   "result": {
      "max": 0.2847843366664394,
      "min": 0.2847843366664394
   },
   "states": {
      "count": 273,
      "initial": 125
   }
}