{
   "count_transitions": 11997,
   "nodes": 2094,
   "result": {
      "max": 0.2282593668159395,
      "min": 0.2282593668159395
   },
   "states": {
      "count": 7297,
      "initial": 3125
   }
}