{
   "count_transitions": 596,
   "nodes": 2095,
   "result": {
      "max": 0.2282593668159395,
      "min": 0.2282593668159395
   },
   "states": {
      "count": 453,
      "initial": 1
   }
}