{
   "count_transitions": 1172,
   "nodes": 2052,
   "result": {
      "max": 0.2282593668159395,
      "min": 0.2282593668159395
   },
   "states": {
      "count": 877,
      "initial": 1
   }
}