{
   "count_transitions": 12636,
   "nodes": 2044,
   "result": {
      "max": 0.2282593668159395,
      "min": 0.2282593668159395
   },
   "states": {
      "count": 7739,
      "initial": 3125
   }
}