{
   "count_transitions": 988,
   "nodes": 1964,
   "result": {
      "max": 0.2282593668159395,
      "min": 0.2282593668159395
   },
   "states": {
      "count": 745,
      "initial": 1
   }
}