{
   "count_transitions": 1729,
   "nodes": 2441,
   "result": {
      "max": 0.27045163915746606,
      "min": 0.27045163915746606
   },
   "states": {
      "count": 1276,
      "initial": 125
   }
}