{
   "count_transitions": 961,
   "nodes": 2320,
   "result": {
      "max": 0.27045163915746606,
      "min": 0.27045163915746606
   },
   "states": {
      "count": 777,
      "initial": 1
   }
}