{
   "count_transitions": 1052,
   "nodes": 2108,
   "result": {
      "max": 0.2282593668159395,
      "min": 0.2282593668159395
   },
   "states": {
      "count": 779,
      "initial": 1
   }
}