{
   "count_transitions": 11926,
   "nodes": 2083,
   "result": {
      "max": 0.2282593668159395,
      "min": 0.2282593668159395
   },
   "states": {
      "count": 7253,
      "initial": 3125
   }
}