{
   "count_transitions": 876,
   "nodes": 2136,
   "result": {
      "max": 0.2282593668159395,
      "min": 0.2282593668159395
   },
   "states": {
      "count": 653,
      "initial": 1
   }
}