{
   "count_transitions": 11779,
   "nodes": 2199,
   "result": {
      "max": 0.2282593668159395,
      "min": 0.2282593668159395
   },
   "states": {
      "count": 7126,
      "initial": 3125
   }
}