{
   "count_transitions": 643,
   "nodes": 2028,
   "result": {
      "max": 0.2282593668159395,
      "min": 0.2282593668159395
   },
   "states": {
      "count": 478,
      "initial": 1
   }
}