{
   "count_transitions": 576,
   "nodes": 2125,
   "result": {
      "max": 0.2282593668159395,
      "min": 0.2282593668159395
   },
   "states": {
      "count": 437,
      "initial": 1
   }
}