{
   "count_transitions": 914,
   "nodes": 1914,
   "result": {
      "max": 0.2282593668159395,
      "min": 0.2282593668159395
   },
   "states": {
      "count": 680,
      "initial": 1
   }
}