{
   "count_transitions": 1256,
   "nodes": 2137,
   "result": {
      "max": 0.2282593668159395,
      "min": 0.2282593668159395
   },
   "states": {
      "count": 941,
      "initial": 1
   }
}