{
   "count_transitions": 1066,
   "nodes": 2083,
   "result": {
      "max": 0.2282593668159395,
      "min": 0.2282593668159395
   },
   "states": {
      "count": 791,
      "initial": 1
   }
}