{
   "count_transitions": 458,
   "nodes": 1967,
   "result": {
      "max": 0.2282593668159395,
      "min": 0.2282593668159395
   },
   "states": {
      "count": 349,
      "initial": 1
   }
}