{
   "count_transitions": 11742,
   "nodes": 2037,
   "result": {
      "max": 0.2282593668159395,
      "min": 0.2282593668159395
   },
   "states": {
      "count": 7107,
      "initial": 3125
   }
}