{
   "count_transitions": 846,
   "nodes": 2129,
   "result": {
      "max": 0.2282593668159395,
      "min": 0.2282593668159395
   },
   "states": {
      "count": 625,
      "initial": 1
   }
}