{
   "count_transitions": 12004,
   "nodes": 2131,
   "result": {
      "max": 0.2282593668159395,
      "min": 0.2282593668159395
   },
   "states": {
      "count": 7311,
      "initial": 3125
   }
}