{
   "count_transitions": 920,
   "nodes": 2036,
   "result": {
      "max": 0.2282593668159395,
      "min": 0.2282593668159395
   },
   "states": {
      "count": 693,
      "initial": 1
   }
}