{
   "count_transitions": 12387,
   "nodes": 1877,
   "result": {
      "max": 0.2282593668159395,
      "min": 0.2282593668159395
   },
   "states": {
      "count": 7545,
      "initial": 3125
   }
}