{
   "count_transitions": 601,
   "nodes": 1836,
   "result": {
      "max": 0.2282593668159395,
      "min": 0.2282593668159395
   },
   "states": {
      "count": 455,
      "initial": 1
   }
}