{
   "count_transitions": 1017,
   "nodes": 2019,
   "result": {
      "max": 0.2282593668159395,
      "min": 0.2282593668159395
   },
   "states": {
      "count": 749,
      "initial": 1
   }
}