{
   "count_transitions": 628,
   "nodes": 2003,
   "result": {
      "max": 0.2282593668159395,
      "min": 0.2282593668159395
   },
   "states": {
      "count": 483,
      "initial": 1
   }
}