{
   "count_transitions": 923,
   "nodes": 2166,
   "result": {
      "max": 0.27045163915746606,
      "min": 0.27045163915746606
   },
   "states": {
      "count": 748,
      "initial": 1
   }
}