{
   "count_transitions": 12360,
   "nodes": 1970,
   "result": {
      "max": 0.2282593668159395,
      "min": 0.2282593668159395
   },
   "states": {
      "count": 7523,
      "initial": 3125
   }
}