{
   "count_transitions": 494,
   "nodes": 1971,
   "result": {
      "max": 0.2282593668159395,
      "min": 0.2282593668159395
   },
   "states": {
      "count": 377,
      "initial": 1
   }
}