{
   "count_transitions": 11949,
   "nodes": 2143,
   "result": {
      "max": 0.2282593668159395,
      "min": 0.2282593668159395
   },
   "states": {
      "count": 7247,
      "initial": 3125
   }
}