{
   "count_transitions": 1030,
   "nodes": 2105,
   "result": {
      "max": 0.2282593668159395,
      "min": 0.2282593668159395
   },
   "states": {
      "count": 762,
      "initial": 1
   }
}