{
   "count_transitions": 12385,
   "nodes": 2038,
   "result": {
      "max": 0.2282593668159395,
      "min": 0.2282593668159395
   },
   "states": {
      "count": 7545,
      "initial": 3125
   }
}