{
   "count_transitions": 11942,
   "nodes": 2053,
   "result": {
      "max": 0.2282593668159395,
      "min": 0.2282593668159395
   },
   "states": {
      "count": 7238,
      "initial": 3125
   }
}