{
   "count_transitions": 845,
   "nodes": 2107,
   "result": {
      "max": 0.2282593668159395,
      "min": 0.2282593668159395
   },
   "states": {
      "count": 631,
      "initial": 1
   }
}