{
   "count_transitions": 11929,
   "nodes": 2177,
   "result": {
      "max": 0.2282593668159395,
      "min": 0.2282593668159395
   },
   "states": {
      "count": 7249,
      "initial": 3125
   }
}