{
   "count_transitions": 652,
   "nodes": 1978,
   "result": {
      "max": 0.2282593668159395,
      "min": 0.2282593668159395
   },
   "states": {
      "count": 492,
      "initial": 1
   }
}