{
   "count_transitions": 333,
   "nodes": 711,
   "result": {
      "max": 0.2847843366664394,
      "min": 0.2847843366664394
   },
   "states": {
      "count": 307,
      "initial": 125
   }
}