{
   "count_transitions": 921,
   "nodes": 2492,
   "result": {
      "max": 0.27045163915746606,
      "min": 0.27045163915746606
   },
   "states": {
      "count": 757,
      "initial": 1
   }
}