{
   "count_transitions": 11708,
   "nodes": 2041,
   "result": {
      "max": 0.2282593668159395,
      "min": 0.2282593668159395
   },
   "states": {
      "count": 7068,
      "initial": 3125
   }
}