{
   "count_transitions": 11924,
   "nodes": 2006,
   "result": {
      "max": 0.2282593668159395,
      "min": 0.2282593668159395
   },
   "states": {
      "count": 7244,
      "initial": 3125
   }
}