{
   "count_transitions": 698,
   "nodes": 1916,
   "result": {
      "max": 0.2282593668159395,
      "min": 0.2282593668159395
   },
   "states": {
      "count": 526,
      "initial": 1
   }
}