{
   "count_transitions": 11730,
   "nodes": 2026,
   "result": {
      "max": 0.2282593668159395,
      "min": 0.2282593668159395
   },
   "states": {
      "count": 7083,
      "initial": 3125
   }
}