{
   "count_transitions": 961,
   "nodes": 2327,
   "result": {
      "max": 0.27045163915746606,
      "min": 0.27045163915746606
   },
   "states": {
      "count": 776,
      "initial": 1
   }
}