{
   "count_transitions": 11776,
   "nodes": 1919,
   "result": {
      "max": 0.2282593668159395,
      "min": 0.2282593668159395
   },
   "states": {
      "count": 7121,
      "initial": 3125
   }
}