{
   "count_transitions": 623,
   "nodes": 2002,
   "result": {
      "max": 0.2282593668159395,
      "min": 0.2282593668159395
   },
   "states": {
      "count": 466,
      "initial": 1
   }
}