{
   "count_transitions": 11778,
   "nodes": 2093,
   "result": {
      "max": 0.2282593668159395,
      "min": 0.2282593668159395
   },
   "states": {
      "count": 7134,
      "initial": 3125
   }
}