{
   "count_transitions": 799,
   "nodes": 2025,
   "result": {
      "max": 0.2282593668159395,
      "min": 0.2282593668159395
   },
   "states": {
      "count": 588,
      "initial": 1
   }
}