{
   "count_transitions": 12714,
   "nodes": 2241,
   "result": {
      "max": 0.2282593668159395,
      "min": 0.2282593668159395
   },
   "states": {
      "count": 7793,
      "initial": 3125
   }
}