{
   "count_transitions": 1012,
   "nodes": 2209,
   "result": {
      "max": 0.2282593668159395,
      "min": 0.2282593668159395
   },
   "states": {
      "count": 763,
      "initial": 1
   }
}