{
   "count_transitions": 11893,
   "nodes": 2062,
   "result": {
      "max": 0.2282593668159395,
      "min": 0.2282593668159395
   },
   "states": {
      "count": 7220,
      "initial": 3125
   }
}