{
   "count_transitions": 607,
   "nodes": 1983,
   "result": {
      "max": 0.2282593668159395,
      "min": 0.2282593668159395
   },
   "states": {
      "count": 462,
      "initial": 1
   }
}