{
   "count_transitions": 1505,
   "nodes": 2448,
   "result": {
      "max": 0.27045163915746606,
      "min": 0.27045163915746606
   },
   "states": {
      "count": 1133,
      "initial": 125
   }
}