{
   "count_transitions": 11772,
   "nodes": 2021,
   "result": {
      "max": 0.2282593668159395,
      "min": 0.2282593668159395
   },
   "states": {
      "count": 7118,
      "initial": 3125
   }
}