{
   "count_transitions": 11687,
   "nodes": 2089,
   "result": {
      "max": 0.2282593668159395,
      "min": 0.2282593668159395
   },
   "states": {
      "count": 7050,
      "initial": 3125
   }
}